COUNTRY,TOTAL_VACCINATIONS,PERSONS_FULLY_VACCINATED,VACCINES_USED
China,3138003103,1235633241.0,"Anhui ZL - Recombinant,Beijing CNBG - BBIBP-CorV,CanSino - Convidecia,IMB - Covidful,Pfizer BioNTech - Comirnaty,Shenzhen - LV-SMENP-DC,Sinovac - CoronaVac,Wuhan CNBG - Inactivated"
India,1776718549,792399551.0,"Bharat - Covaxin,Gamaleya - Gam-Covid-Vac,Janssen - Ad26.COV 2-S,Moderna - Spikevax,SII - Covishield,Zydus - ZyCov-D"
United States of America,537567013,210172612.0,"Janssen - Ad26.COV 2-S,Moderna - Spikevax,Pfizer BioNTech - Comirnaty"
Brazil,369527744,148777530.0,"AstraZeneca - Vaxzevria,Janssen - Ad26.COV 2-S,Pfizer BioNTech - Comirnaty,SII - Covishield,Sinovac - CoronaVac"
Indonesia,345697245,144505806.0,"AstraZeneca - Vaxzevria,Beijing CNBG - BBIBP-CorV,Janssen - Ad26.COV 2-S,Moderna - Spikevax,Novavax - Covavax,Pfizer BioNTech - Comirnaty,Sinovac - CoronaVac"
Japan,223820819,100178635.0,"AstraZeneca - Vaxzevria,Moderna - Spikevax,Novavax - Covavax,Pfizer BioNTech - Comirnaty"
Pakistan,213532343,100096471.0,"Beijing CNBG - BBIBP-CorV,Bharat - Covaxin,CanSino - Convidecia,Gamaleya - Gam-Covid-Vac,Moderna - Spikevax,Pfizer BioNTech - Comirnaty,SII - Covishield,Sinovac - CoronaVac"
Bangladesh,213176935,84611747.0,"AstraZeneca - Vaxzevria,Beijing CNBG - BBIBP-CorV,Gamaleya - Gam-Covid-Vac,Janssen - Ad26.COV 2-S,Moderna - Spikevax,Pfizer BioNTech - Comirnaty,SII - Covishield,Sinovac - CoronaVac"
Viet Nam,192865986,75322542.0,"AstraZeneca - Vaxzevria,Beijing CNBG - BBIBP-CorV,CIGB - CIGB-66,Gamaleya - Gam-Covid-Vac,Moderna - Spikevax,Pfizer BioNTech - Comirnaty"
Mexico,179274307,78750047.0,"AstraZeneca - Vaxzevria,CanSino - Convidecia,Gamaleya - Gam-Covid-Vac,Janssen - Ad26.COV 2-S,Moderna - Spikevax,Pfizer BioNTech - Comirnaty,Sinovac - CoronaVac"
Germany,169071638,62500884.0,"AstraZeneca - Vaxzevria,Janssen - Ad26.COV 2-S,Moderna - Spikevax,Pfizer BioNTech - Comirnaty"
Russian Federation,160816996,71601909.0,"SRCVB - EpiVacCorona, Gamaleya - Sputnik V"
France,153013512,53687279.0,"AstraZeneca - Vaxzevria,Janssen - Ad26.COV 2-S,Moderna - Spikevax,Pfizer BioNTech - Comirnaty"
Turkey,144850157,52715583.0,"Pfizer BioNTech - Comirnaty, Sinovac - CoronaVac, Turkovac"
Iran (Islamic Republic of),142195819,55717367.0,"AstraZeneca - Vaxzevria,Beijing CNBG - BBIBP-CorV,Bharat - Covaxin,Finlay - Soberana-02,Gamaleya - Gam-Covid-Vac,Shifa - COVIran Barakat"
The United Kingdom,139482283,48885893.0,"AstraZeneca - Vaxzevria,Moderna - Spikevax,Pfizer BioNTech - Comirnaty"
Philippines,135251295,63016833.0,"AstraZeneca - Vaxzevria,Beijing CNBG - BBIBP-CorV,Bharat - Covaxin,Gamaleya - Gam-Covid-Vac,Gamaleya - Sputnik-Light,Janssen - Ad26.COV 2-S,Julphar - Hayat-Vax,Moderna - Spikevax,Novavax - Covavax,Pfizer BioNTech - Comirnaty,Sinovac - CoronaVac"
Italy,131126289,46795578.0,"AstraZeneca - Vaxzevria,Janssen - Ad26.COV 2-S,Moderna - Spikevax,Pfizer BioNTech - Comirnaty"
Thailand,123738218,49673251.0,"AstraZeneca - Vaxzevria,Beijing CNBG - BBIBP-CorV,Janssen - Ad26.COV 2-S,Moderna - Spikevax,Pfizer BioNTech - Comirnaty,SII - Covishield,Sinovac - CoronaVac"
Republic of Korea,118895241,44285420.0,"AstraZeneca - Vaxzevria,Janssen - Ad26.COV 2-S,Moderna - Spikevax,Novavax - Covavax,Pfizer BioNTech - Comirnaty"
Spain,98615715,35998047.0,"AstraZeneca - Vaxzevria,Janssen - Ad26.COV 2-S,Moderna - Spikevax,Pfizer BioNTech - Comirnaty"
Argentina,93008081,36237826.0,"AstraZeneca - Vaxzevria,Beijing CNBG - BBIBP-CorV,CanSino - Convidecia,Gamaleya - Gam-Covid-Vac,Moderna - Spikevax,Pfizer BioNTech - Comirnaty,SII - Covishield"
Canada,80233844,30693702.0,"AstraZeneca - Vaxzevria,Janssen - Ad26.COV 2-S,Moderna - Spikevax,Pfizer BioNTech - Comirnaty,SII - Covishield"
Colombia,76733198,33371543.0,"AstraZeneca - Vaxzevria,Janssen - Ad26.COV 2-S,Moderna - Spikevax,Pfizer BioNTech - Comirnaty,Sinovac - CoronaVac"
Egypt,71361630,30174310.0,"AstraZeneca - Vaxzevria,Beijing CNBG - BBIBP-CorV,Gamaleya - Gam-Covid-Vac,Janssen - Ad26.COV 2-S,Pfizer BioNTech - Comirnaty,Sinovac - CoronaVac"
Malaysia,66872362,25748124.0,"AstraZeneca - Vaxzevria,Beijing CNBG - BBIBP-CorV,CanSino - Convidecia,Gamaleya - Gam-Covid-Vac,Janssen - Ad26.COV 2-S,Moderna - Spikevax,Pfizer BioNTech - Comirnaty,Sinovac - CoronaVac"
Peru,61695372,24113780.0,"AstraZeneca - Vaxzevria,Beijing CNBG - BBIBP-CorV,Pfizer BioNTech - Comirnaty"
Saudi Arabia,61384936,24286609.0,"AstraZeneca - Vaxzevria,Janssen - Ad26.COV 2-S,Moderna - Spikevax,Pfizer BioNTech - Comirnaty"
Australia,54043583,20475638.0,"AstraZeneca - Vaxzevria,Janssen - Ad26.COV 2-S,Moderna - Spikevax,Novavax - Covavax,Pfizer BioNTech - Comirnaty"
Morocco,53894957,23308809.0,"AstraZeneca - Vaxzevria,Beijing CNBG - BBIBP-CorV,Gamaleya - Gam-Covid-Vac,Janssen - Ad26.COV 2-S,Pfizer BioNTech - Comirnaty"
Poland,53029684,22130915.0,"AstraZeneca - Vaxzevria,Janssen - Ad26.COV 2-S,Moderna - Spikevax,Pfizer BioNTech - Comirnaty"
Chile,48356547,17183623.0,"AstraZeneca - Vaxzevria,CanSino - Convidecia,Pfizer BioNTech - Comirnaty,Sinovac - CoronaVac"
Myanmar,45202278,20919933.0,"Beijing CNBG - BBIBP-CorV,SII - Covishield"
Uzbekistan,42121870,13160671.0,"Anhui ZL - Recombinant,Gamaleya - Gam-Covid-Vac,Gamaleya - Sputnik-Light,Moderna - Spikevax,Pfizer BioNTech - Comirnaty,SII - Covishield,Sinovac - CoronaVac"
Sri Lanka,38275280,14177935.0,"AstraZeneca - Vaxzevria,Beijing CNBG - BBIBP-CorV,Gamaleya - Gam-Covid-Vac,Moderna - Spikevax,Pfizer BioNTech - Comirnaty,SII - Covishield"
Venezuela (Bolivarian Republic of),37860994,14287370.0,"Beijing CNBG - BBIBP-CorV,CIGB - CIGB-66,Finlay - Soberana-02,Gamaleya - Gam-Covid-Vac,Gamaleya - Sputnik-Light,Sinovac - CoronaVac"
Nepal,37129004,17490473.0,"AstraZeneca - Vaxzevria,Beijing CNBG - BBIBP-CorV,Bharat - Covaxin,Gamaleya - Gam-Covid-Vac,Janssen - Ad26.COV 2-S,Moderna - Spikevax,Pfizer BioNTech - Comirnaty,SII - Covishield"
Cambodia,35067827,13841557.0,"AstraZeneca - Vaxzevria,Beijing CNBG - BBIBP-CorV,Janssen - Ad26.COV 2-S,Moderna - Spikevax,Pfizer BioNTech - Comirnaty,SII - Covishield,Sinovac - CoronaVac"
Cuba,34926539,9875909.0,"CIGB - CIGB-66,Finlay - Soberana Plus,Finlay - Soberana-02"
Netherlands,33860098,12351489.0,"AstraZeneca - Vaxzevria,Janssen - Ad26.COV 2-S,Moderna - Spikevax,Pfizer BioNTech - Comirnaty"
South Africa,32548342,18210730.0,"Janssen - Ad26.COV 2-S,Pfizer BioNTech - Comirnaty"
Ecuador,31772830,13535095.0,"AstraZeneca - Vaxzevria,CanSino - Convidecia,Pfizer BioNTech - Comirnaty,Sinovac - CoronaVac"
Ukraine,31455954,15062320.0,"AstraZeneca - Vaxzevria,Janssen - Ad26.COV 2-S,Moderna - Spikevax,Pfizer BioNTech - Comirnaty,SII - Covishield,Sinovac - CoronaVac"
Ethiopia,28705008,20481066.0,"Beijing CNBG - BBIBP-CorV,Bharat - Covaxin,Janssen - Ad26.COV 2-S,SII - Covishield"
Nigeria,28684071,8763392.0,SII - Covishield
Belgium,24601511,9038321.0,"AstraZeneca - Vaxzevria,Janssen - Ad26.COV 2-S,Moderna - Spikevax,Pfizer BioNTech - Comirnaty"
United Arab Emirates,24247279,9618421.0,"AstraZeneca - Vaxzevria,Beijing CNBG - BBIBP-CorV,Gamaleya - Gam-Covid-Vac,Pfizer BioNTech - Comirnaty,SII - Covishield"
Kazakhstan,24149547,8159841.0,"Beijing CNBG - BBIBP-CorV,Gamaleya - Gam-Covid-Vac,Pfizer BioNTech - Comirnaty,RIBSP - QazVac,Sinovac - CoronaVac"
Mozambique,23563858,11787508.0,"Beijing CNBG - BBIBP-CorV,Janssen - Ad26.COV 2-S,SII - Covishield"
Portugal,23288435,8660752.0,"AstraZeneca - Vaxzevria,Janssen - Ad26.COV 2-S,Moderna - Spikevax,Pfizer BioNTech - Comirnaty"
Greece,19946219,7543277.0,"AstraZeneca - Vaxzevria,Janssen - Ad26.COV 2-S,Moderna - Spikevax,Pfizer BioNTech - Comirnaty"
Sweden,19694254,7334879.0,"AstraZeneca - Vaxzevria,Moderna - Spikevax,Pfizer BioNTech - Comirnaty"
Rwanda,18038703,7808436.0,"Beijing CNBG - BBIBP-CorV,Gamaleya - Gam-Covid-Vac,Janssen - Ad26.COV 2-S,Moderna - Spikevax,Pfizer BioNTech - Comirnaty,SII - Covishield,Sinovac - CoronaVac"
Austria,17855030,6547061.0,"AstraZeneca - Vaxzevria,Janssen - Ad26.COV 2-S,Moderna - Spikevax,Pfizer BioNTech - Comirnaty"
Czechia,17288966,6830050.0,"AstraZeneca - Vaxzevria,Janssen - Ad26.COV 2-S,Moderna - Spikevax,Pfizer BioNTech - Comirnaty"
Uganda,17060289,2985472.0,"Janssen - Ad26.COV 2-S,Moderna - Spikevax,Pfizer BioNTech - Comirnaty,SII - Covishield,Sinovac - CoronaVac"
Kenya,17054582,7800245.0,"Beijing CNBG - BBIBP-CorV,Janssen - Ad26.COV 2-S,Moderna - Spikevax,Pfizer BioNTech - Comirnaty,SII - Covishield"
Iraq,17014009,6892020.0,"AstraZeneca - Vaxzevria,Beijing CNBG - BBIBP-CorV,Gamaleya - Gam-Covid-Vac,Pfizer BioNTech - Comirnaty"
Angola,16850195,5699666.0,SII - Covishield
Hungary,15916521,6102186.0,"AstraZeneca - Vaxzevria,Beijing CNBG - BBIBP-CorV,Gamaleya - Gam-Covid-Vac,Janssen - Ad26.COV 2-S,Moderna - Spikevax,Pfizer BioNTech - Comirnaty,Sinovac - CoronaVac"
Romania,15831189,8056216.0,"AstraZeneca - Vaxzevria,Janssen - Ad26.COV 2-S,Moderna - Spikevax,Pfizer BioNTech - Comirnaty"
Dominican Republic,15173404,5855045.0,"AstraZeneca - Vaxzevria,SII - Covishield,Sinovac - CoronaVac"
Tunisia,14629647,6330350.0,"AstraZeneca - Vaxzevria,Beijing CNBG - BBIBP-CorV,Gamaleya - Gam-Covid-Vac,Janssen - Ad26.COV 2-S,Moderna - Spikevax,Pfizer BioNTech - Comirnaty,Sinovac - CoronaVac"
Guatemala,14535479,5608096.0,"AstraZeneca - Vaxzevria,Gamaleya - Gam-Covid-Vac,Moderna - Spikevax,Pfizer BioNTech - Comirnaty,SII - Covishield"
Israel,13765678,6366185.0,"AstraZeneca - Vaxzevria,Moderna - Spikevax,Pfizer BioNTech - Comirnaty"
Algeria,13704895,6110712.0,"Beijing CNBG - BBIBP-CorV,Gamaleya - Gam-Covid-Vac,SII - Covishield,Sinovac - CoronaVac"
Singapore,13452417,4898322.0,"AstraZeneca - Vaxzevria,Beijing CNBG - BBIBP-CorV,Moderna - Spikevax,Pfizer BioNTech - Comirnaty"
Denmark,13160370,4746722.0,"AstraZeneca - Vaxzevria,Janssen - Ad26.COV 2-S,Moderna - Spikevax,Pfizer BioNTech - Comirnaty"
Azerbaijan,12659541,4779944.0,"AstraZeneca - Vaxzevria,Gamaleya - Gam-Covid-Vac,Pfizer BioNTech - Comirnaty,Sinovac - CoronaVac"
Ghana,12637542,4867214.0,"Gamaleya - Gam-Covid-Vac,SII - Covishield"
Bolivia (Plurinational State of),12606278,5614579.0,"Beijing CNBG - BBIBP-CorV,Gamaleya - Gam-Covid-Vac,Janssen - Ad26.COV 2-S,Moderna - Spikevax,Pfizer BioNTech - Comirnaty,SII - Covishield"
Switzerland,11821090,5802688.0,"Janssen - Ad26.COV 2-S,Moderna - Spikevax,Pfizer BioNTech - Comirnaty"
Honduras,11561083,4563441.0,"AstraZeneca - Vaxzevria,Gamaleya - Gam-Covid-Vac,Janssen - Ad26.COV 2-S,Moderna - Spikevax,Pfizer BioNTech - Comirnaty,SII - Covishield"
Finland,11420891,4218421.0,"AstraZeneca - Vaxzevria,Janssen - Ad26.COV 2-S,Moderna - Spikevax,Pfizer BioNTech - Comirnaty"
Norway,11165064,4016748.0,"AstraZeneca - Vaxzevria,Janssen - Ad26.COV 2-S,Moderna - Spikevax,Pfizer BioNTech - Comirnaty"
Belarus,10649534,4632574.0,"Beijing CNBG - BBIBP-CorV,Gamaleya - Gam-Covid-Vac"
New Zealand,10554287,3960755.0,"AstraZeneca - Vaxzevria,Janssen - Ad26.COV 2-S,Novavax - Covavax,Pfizer BioNTech - Comirnaty"
Ireland,10418205,3926851.0,"AstraZeneca - Vaxzevria,Janssen - Ad26.COV 2-S,Moderna - Spikevax,Pfizer BioNTech - Comirnaty"
El Salvador,10174711,4262971.0,"AstraZeneca - Vaxzevria,Beijing CNBG - BBIBP-CorV,Moderna - Spikevax,Pfizer BioNTech - Comirnaty,SII - Covishield,Sinovac - CoronaVac"
Côte d’Ivoire,10108543,4178108.0,"Beijing CNBG - BBIBP-CorV,Gamaleya - Gam-Covid-Vac,Janssen - Ad26.COV 2-S,Pfizer BioNTech - Comirnaty,SII - Covishield"
Jordan,9649298,4385036.0,"AstraZeneca - Vaxzevria,Beijing CNBG - BBIBP-CorV,Gamaleya - Gam-Covid-Vac,Janssen - Ad26.COV 2-S,Moderna - Spikevax,Pfizer BioNTech - Comirnaty"
Nicaragua,9367505,3944368.0,"AstraZeneca - Vaxzevria,CIGB - CIGB-66,Finlay - Soberana Plus,Finlay - Soberana-02,Gamaleya - Gam-Covid-Vac,Gamaleya - Sputnik-Light,Janssen - Ad26.COV 2-S,Pfizer BioNTech - Comirnaty,SII - Covishield"
Tajikistan,9279471,4107682.0,"AstraZeneca - Vaxzevria,Gamaleya - Gam-Covid-Vac,Moderna - Spikevax,Pfizer BioNTech - Comirnaty,SII - Covishield,Sinovac - CoronaVac"
Costa Rica,8970610,3787890.0,"AstraZeneca - Vaxzevria,Pfizer BioNTech - Comirnaty"
Lao People's Democratic Republic,8791236,4255830.0,"AstraZeneca - Vaxzevria,Beijing CNBG - BBIBP-CorV,Gamaleya - Gam-Covid-Vac,Gamaleya - Sputnik-Light,Janssen - Ad26.COV 2-S,Pfizer BioNTech - Comirnaty,SII - Covishield,Sinovac - CoronaVac"
Paraguay,8070750,3185645.0,"AstraZeneca - Vaxzevria,Beijing CNBG - BBIBP-CorV,Bharat - Covaxin,Gamaleya - Gam-Covid-Vac,Julphar - Hayat-Vax,Moderna - Spikevax,Pfizer BioNTech - Comirnaty,Sinovac - CoronaVac"
Zimbabwe,7956589,3418175.0,"Beijing CNBG - BBIBP-CorV,Bharat - Covaxin,Gamaleya - Gam-Covid-Vac,Sinovac - CoronaVac"
Uruguay,7612199,2728709.0,"AstraZeneca - Vaxzevria,Pfizer BioNTech - Comirnaty,Sinovac - CoronaVac"
Kuwait,7592265,3277287.0,"AstraZeneca - Vaxzevria,Beijing CNBG - BBIBP-CorV,Janssen - Ad26.COV 2-S,Moderna - Spikevax,Pfizer BioNTech - Comirnaty"
Turkmenistan,7580976,3206282.0,"Anhui ZL - Recombinant,AstraZeneca - Vaxzevria,Beijing CNBG - BBIBP-CorV,Gamaleya - Gam-Covid-Vac,RIBSP - QazVac,SRCVB - EpiVacCorona"
Panama,7544898,2923513.0,"AstraZeneca - Vaxzevria,Pfizer BioNTech - Comirnaty"
Slovakia,7008272,2754644.0,"AstraZeneca - Vaxzevria,Gamaleya - Gam-Covid-Vac,Janssen - Ad26.COV 2-S,Moderna - Spikevax,Pfizer BioNTech - Comirnaty"
Puerto Rico,6895098,2596222.0,"Janssen - Ad26.COV 2-S,Moderna - Spikevax,Pfizer BioNTech - Comirnaty"
Oman,6878593,3004483.0,"AstraZeneca - Vaxzevria,Gamaleya - Gam-Covid-Vac,Pfizer BioNTech - Comirnaty,SII - Covishield,Sinovac - CoronaVac"
Serbia,6612050,3255538.0,"AstraZeneca - Vaxzevria,Beijing CNBG - BBIBP-CorV,Gamaleya - Gam-Covid-Vac,Moderna - Spikevax,Pfizer BioNTech - Comirnaty"
Qatar,6398889,2575934.0,"AstraZeneca - Vaxzevria,Janssen - Ad26.COV 2-S,Moderna - Spikevax,Pfizer BioNTech - Comirnaty"
Guinea,5835471,2439433.0,"Beijing CNBG - BBIBP-CorV,Gamaleya - Gam-Covid-Vac,Janssen - Ad26.COV 2-S,Pfizer BioNTech - Comirnaty,SII - Covishield,Sinovac - CoronaVac"
Sudan,5711034,2333416.0,"Beijing CNBG - BBIBP-CorV,Janssen - Ad26.COV 2-S,Pfizer BioNTech - Comirnaty,SII - Covishield,Sinovac - CoronaVac"
Afghanistan,5597130,4281934.0,"Beijing CNBG - BBIBP-CorV,Janssen - Ad26.COV 2-S,Pfizer BioNTech - Comirnaty,SII - Covishield"
Mongolia,5568712,2172842.0,"AstraZeneca - Vaxzevria,Beijing CNBG - BBIBP-CorV,Gamaleya - Gam-Covid-Vac,Moderna - Spikevax,Pfizer BioNTech - Comirnaty,SII - Covishield"
Lebanon,5452304,2285770.0,"AstraZeneca - Vaxzevria,Beijing CNBG - BBIBP-CorV,Gamaleya - Gam-Covid-Vac,Pfizer BioNTech - Comirnaty"
Croatia,5179921,2221948.0,"AstraZeneca - Vaxzevria,Janssen - Ad26.COV 2-S,Moderna - Spikevax,Pfizer BioNTech - Comirnaty"
United Republic of Tanzania,5031070,2779782.0,"Beijing CNBG - BBIBP-CorV,Janssen - Ad26.COV 2-S,Pfizer BioNTech - Comirnaty"
Lithuania,4432081,1890524.0,"AstraZeneca - Vaxzevria,Janssen - Ad26.COV 2-S,Moderna - Spikevax,Pfizer BioNTech - Comirnaty"
Bulgaria,4275051,2031747.0,"AstraZeneca - Vaxzevria,Janssen - Ad26.COV 2-S,Moderna - Spikevax,Pfizer BioNTech - Comirnaty"
occupied Palestinian territory,3609984,1716216.0,"AstraZeneca - Vaxzevria,Beijing CNBG - BBIBP-CorV,Gamaleya - Gam-Covid-Vac,Gamaleya - Sputnik-Light,Janssen - Ad26.COV 2-S,Moderna - Spikevax,Pfizer BioNTech - Comirnaty,Sinovac - CoronaVac"
Zambia,3146910,2020957.0,"Beijing CNBG - BBIBP-CorV,Janssen - Ad26.COV 2-S,SII - Covishield"
Benin,3060435,2214327.0,"AstraZeneca - Vaxzevria,Janssen - Ad26.COV 2-S,Pfizer BioNTech - Comirnaty,SII - Covishield,Sinovac - CoronaVac"
Niger,2674381,1541167.0,"Beijing CNBG - BBIBP-CorV,SII - Covishield"
